-- MySQL dump 10.13  Distrib 5.7.17, for Win64 (x86_64)
--
-- Host: localhost    Database: yanavalentina
-- ------------------------------------------------------
-- Server version	5.7.18-log

/*!40101 SET @OLD_CHARACTER_SET_CLIENT=@@CHARACTER_SET_CLIENT */;
/*!40101 SET @OLD_CHARACTER_SET_RESULTS=@@CHARACTER_SET_RESULTS */;
/*!40101 SET @OLD_COLLATION_CONNECTION=@@COLLATION_CONNECTION */;
/*!40101 SET NAMES utf8 */;
/*!40103 SET @OLD_TIME_ZONE=@@TIME_ZONE */;
/*!40103 SET TIME_ZONE='+00:00' */;
/*!40014 SET @OLD_UNIQUE_CHECKS=@@UNIQUE_CHECKS, UNIQUE_CHECKS=0 */;
/*!40014 SET @OLD_FOREIGN_KEY_CHECKS=@@FOREIGN_KEY_CHECKS, FOREIGN_KEY_CHECKS=0 */;
/*!40101 SET @OLD_SQL_MODE=@@SQL_MODE, SQL_MODE='NO_AUTO_VALUE_ON_ZERO' */;
/*!40111 SET @OLD_SQL_NOTES=@@SQL_NOTES, SQL_NOTES=0 */;

--
-- Table structure for table `chat_message`
--

DROP TABLE IF EXISTS `chat_message`;
/*!40101 SET @saved_cs_client     = @@character_set_client */;
/*!40101 SET character_set_client = utf8 */;
CREATE TABLE `chat_message` (
  `id` int(11) NOT NULL AUTO_INCREMENT,
  `chat` longtext,
  `attachment` text,
  `created_at` datetime DEFAULT NULL,
  `updated_at` datetime DEFAULT NULL,
  `deleted_at` datetime DEFAULT NULL,
  `users_id` int(11) NOT NULL,
  `chat_room_id` int(11) NOT NULL,
  `read_at` datetime DEFAULT NULL,
  PRIMARY KEY (`id`),
  KEY `fk_chat_message_users1_idx` (`users_id`),
  KEY `fk_chat_message_chat_room1_idx` (`chat_room_id`),
  CONSTRAINT `fk_chat_message_chat_room1` FOREIGN KEY (`chat_room_id`) REFERENCES `chat_room` (`id`) ON DELETE NO ACTION ON UPDATE NO ACTION,
  CONSTRAINT `fk_chat_message_users1` FOREIGN KEY (`users_id`) REFERENCES `users` (`id`) ON DELETE NO ACTION ON UPDATE NO ACTION
) ENGINE=InnoDB AUTO_INCREMENT=469 DEFAULT CHARSET=utf8;
/*!40101 SET character_set_client = @saved_cs_client */;

--
-- Dumping data for table `chat_message`
--

LOCK TABLES `chat_message` WRITE;
/*!40000 ALTER TABLE `chat_message` DISABLE KEYS */;
INSERT INTO `chat_message` VALUES (1,'HALO',NULL,'2018-01-01 10:00:00','2018-08-03 17:12:19',NULL,2,1,'2018-08-03 17:12:19'),(2,'YA?',NULL,'2018-01-01 11:00:00','2018-08-03 17:11:38',NULL,1,1,'2018-08-03 17:11:38'),(3,'GPP',NULL,'2018-01-02 12:00:00','2018-08-03 17:12:19',NULL,2,1,'2018-08-03 17:12:19'),(4,'?',NULL,'2018-01-02 14:00:00','2018-08-03 17:11:38',NULL,1,1,'2018-08-03 17:11:38'),(5,'aaaaaaaaaaaaaaaaaaaaaaaaaaaaaaaaaaaaaaaaaaaaaaaaaaaaaaaaaaaaaaaaa',NULL,'2018-01-02 15:00:00','2018-08-03 17:11:38',NULL,1,1,'2018-08-03 17:11:38'),(6,'LOL',NULL,'2018-01-03 16:00:00','2018-08-03 17:12:19',NULL,2,1,'2018-08-03 17:12:19'),(9,'HOTTTTTTTTTTTTTTTTTTTTTTTTTTTTTTTTTTTTTTTT dam',NULL,'2018-01-04 18:00:00','2018-08-03 17:12:58',NULL,2,2,'2018-08-03 17:12:58'),(10,'aaaaaaaaaaaaaaaaaaaaaaaaaaaaaaaaaaaaaaaaaaaaaaaaaaaaaaaaaaaaaaaaaaaaaaaaaaaaaaaaaaaaaaa',NULL,'2018-01-04 19:00:00','2018-08-03 17:12:54',NULL,3,3,'2018-08-03 17:12:54'),(11,'asd',NULL,'2018-08-03 14:13:33','2018-08-03 17:11:38',NULL,1,1,'2018-08-03 17:11:38'),(12,'hai',NULL,'2018-08-03 14:13:53','2018-08-03 17:11:38',NULL,1,1,'2018-08-03 17:11:38'),(13,'apa',NULL,'2018-08-03 14:14:06','2018-08-03 17:11:38',NULL,1,1,'2018-08-03 17:11:38'),(14,'asd',NULL,'2018-08-03 14:14:54','2018-08-03 14:14:54',NULL,1,3,NULL),(15,'tes',NULL,'2018-08-03 14:15:03','2018-08-03 17:11:38',NULL,1,1,'2018-08-03 17:11:38'),(16,'asd',NULL,'2018-08-03 14:15:19','2018-08-03 14:15:19',NULL,1,3,NULL),(17,'g',NULL,'2018-08-03 14:15:23','2018-08-03 17:11:38',NULL,1,1,'2018-08-03 17:11:38'),(18,'tes ok',NULL,'2018-08-03 14:16:27','2018-08-03 17:11:38',NULL,1,1,'2018-08-03 17:11:38'),(19,'asd',NULL,'2018-08-03 14:16:30','2018-08-03 17:11:38',NULL,1,1,'2018-08-03 17:11:38'),(20,'asd',NULL,'2018-08-03 14:16:31','2018-08-03 17:11:38',NULL,1,1,'2018-08-03 17:11:38'),(21,'asd',NULL,'2018-08-03 14:16:32','2018-08-03 17:11:38',NULL,1,1,'2018-08-03 17:11:38'),(22,'asd',NULL,'2018-08-03 14:16:36','2018-08-03 17:11:38',NULL,1,1,'2018-08-03 17:11:38'),(23,'asd',NULL,'2018-08-03 14:16:37','2018-08-03 17:11:38',NULL,1,1,'2018-08-03 17:11:38'),(24,'asd',NULL,'2018-08-03 14:16:39','2018-08-03 17:11:38',NULL,1,1,'2018-08-03 17:11:38'),(25,'asdddasd',NULL,'2018-08-03 14:16:41','2018-08-03 17:11:38',NULL,1,1,'2018-08-03 17:11:38'),(26,'asdasdas',NULL,'2018-08-03 14:16:43','2018-08-03 17:11:38',NULL,1,1,'2018-08-03 17:11:38'),(27,'asdasdasdas',NULL,'2018-08-03 14:16:44','2018-08-03 17:11:38',NULL,1,1,'2018-08-03 17:11:38'),(28,'aaaaaaaaaaaaaaaaaaaaaaaaaaaaaaaaaaaaaaaaaaaaaaaaaaaaaaaaaaaaaaaaaaaaaaaaaaaaaaaaaaaaaaaaaaaaaa',NULL,'2018-08-03 14:17:08','2018-08-03 17:11:38',NULL,1,1,'2018-08-03 17:11:38'),(29,'oke bsok ya',NULL,'2018-08-03 14:18:17','2018-08-03 14:18:17',NULL,1,3,NULL),(30,'asd',NULL,'2018-08-03 14:18:57','2018-08-03 17:11:38',NULL,1,1,'2018-08-03 17:11:38'),(31,'asd',NULL,'2018-08-03 14:18:57','2018-08-03 17:11:38',NULL,1,1,'2018-08-03 17:11:38'),(32,'asd',NULL,'2018-08-03 14:19:12','2018-08-03 17:11:38',NULL,1,1,'2018-08-03 17:11:38'),(33,'a',NULL,'2018-08-03 14:25:40','2018-08-03 17:11:38',NULL,1,1,'2018-08-03 17:11:38'),(34,'adadas',NULL,'2018-01-04 19:00:00','2018-08-03 17:12:19',NULL,2,1,'2018-08-03 17:12:19'),(35,'asdasdasdasdasdasdasda',NULL,'2018-01-04 19:00:00','2018-08-03 17:12:19',NULL,3,1,'2018-08-03 17:12:19'),(36,'test',NULL,'2018-01-04 19:20:00','2018-08-03 17:12:19',NULL,2,1,'2018-08-03 17:12:19'),(37,'asdasd',NULL,'2018-01-04 19:21:00','2018-08-03 17:12:19',NULL,2,1,'2018-08-03 17:12:19'),(38,'asd',NULL,'2018-05-05 00:00:00','2018-08-03 17:12:19',NULL,2,1,'2018-08-03 17:12:19'),(39,'halo',NULL,'2018-08-03 16:48:07','2018-08-03 17:12:19',NULL,2,1,'2018-08-03 17:12:19'),(40,'tes',NULL,'2018-08-03 16:48:26','2018-08-03 17:12:19',NULL,2,1,'2018-08-03 17:12:19'),(41,'mama',NULL,'2018-08-03 16:49:07','2018-08-03 17:12:19',NULL,2,1,'2018-08-03 17:12:19'),(42,'mama',NULL,'2018-08-03 16:49:07','2018-08-03 17:12:19',NULL,2,1,'2018-08-03 17:12:19'),(43,'mama',NULL,'2018-08-03 16:49:07','2018-08-03 17:12:19',NULL,2,1,'2018-08-03 17:12:19'),(44,'mama',NULL,'2018-08-03 16:49:07','2018-08-03 17:12:19',NULL,2,1,'2018-08-03 17:12:19'),(45,'mamaasd',NULL,'2018-08-03 16:49:26','2018-08-03 17:12:19',NULL,2,1,'2018-08-03 17:12:19'),(46,'mamaasd',NULL,'2018-08-03 16:49:26','2018-08-03 17:12:19',NULL,2,1,'2018-08-03 17:12:19'),(47,'mamaasd',NULL,'2018-08-03 16:49:26','2018-08-03 17:12:19',NULL,2,1,'2018-08-03 17:12:19'),(48,'mamaasd',NULL,'2018-08-03 16:49:26','2018-08-03 17:12:19',NULL,2,1,'2018-08-03 17:12:19'),(49,'mamaasd',NULL,'2018-08-03 16:49:26','2018-08-03 17:12:19',NULL,2,1,'2018-08-03 17:12:19'),(50,'mamaasd',NULL,'2018-08-03 16:49:26','2018-08-03 17:12:19',NULL,2,1,'2018-08-03 17:12:19'),(51,'mamaasd',NULL,'2018-08-03 16:49:27','2018-08-03 17:12:19',NULL,2,1,'2018-08-03 17:12:19'),(52,'mamaasd',NULL,'2018-08-03 16:49:27','2018-08-03 17:12:19',NULL,2,1,'2018-08-03 17:12:19'),(53,'mamaasd',NULL,'2018-08-03 16:49:27','2018-08-03 17:12:19',NULL,2,1,'2018-08-03 17:12:19'),(54,'mamaasd',NULL,'2018-08-03 16:49:27','2018-08-03 17:12:19',NULL,2,1,'2018-08-03 17:12:19'),(55,'mamaasd',NULL,'2018-08-03 16:49:27','2018-08-03 17:12:19',NULL,2,1,'2018-08-03 17:12:19'),(56,'mamaasd',NULL,'2018-08-03 16:49:27','2018-08-03 17:12:19',NULL,2,1,'2018-08-03 17:12:19'),(57,'mamaasd',NULL,'2018-08-03 16:49:27','2018-08-03 17:12:19',NULL,2,1,'2018-08-03 17:12:19'),(58,'mamaasd',NULL,'2018-08-03 16:49:27','2018-08-03 17:12:19',NULL,2,1,'2018-08-03 17:12:19'),(59,'mamaasd',NULL,'2018-08-03 16:49:28','2018-08-03 17:12:19',NULL,2,1,'2018-08-03 17:12:19'),(60,'mamaasd',NULL,'2018-08-03 16:49:28','2018-08-03 17:12:19',NULL,2,1,'2018-08-03 17:12:19'),(61,'mamaasd',NULL,'2018-08-03 16:49:28','2018-08-03 17:12:19',NULL,2,1,'2018-08-03 17:12:19'),(62,'mamaasd',NULL,'2018-08-03 16:49:28','2018-08-03 17:12:19',NULL,2,1,'2018-08-03 17:12:19'),(63,'mamaasd',NULL,'2018-08-03 16:49:28','2018-08-03 17:12:19',NULL,2,1,'2018-08-03 17:12:19'),(64,'mamaasd',NULL,'2018-08-03 16:49:28','2018-08-03 17:12:19',NULL,2,1,'2018-08-03 17:12:19'),(65,'mamaasd',NULL,'2018-08-03 16:49:28','2018-08-03 17:12:19',NULL,2,1,'2018-08-03 17:12:19'),(66,'mamaasd',NULL,'2018-08-03 16:49:28','2018-08-03 17:12:19',NULL,2,1,'2018-08-03 17:12:19'),(67,'mamaasd',NULL,'2018-08-03 16:49:28','2018-08-03 17:12:19',NULL,2,1,'2018-08-03 17:12:19'),(68,'mamaasd',NULL,'2018-08-03 16:49:29','2018-08-03 17:12:19',NULL,2,1,'2018-08-03 17:12:19'),(69,'mamaasd',NULL,'2018-08-03 16:49:29','2018-08-03 17:12:19',NULL,2,1,'2018-08-03 17:12:19'),(70,'mamaasd',NULL,'2018-08-03 16:49:29','2018-08-03 17:12:19',NULL,2,1,'2018-08-03 17:12:19'),(71,'mamaasd',NULL,'2018-08-03 16:49:30','2018-08-03 17:12:19',NULL,2,1,'2018-08-03 17:12:19'),(72,'mamaasd',NULL,'2018-08-03 16:49:30','2018-08-03 17:12:19',NULL,2,1,'2018-08-03 17:12:19'),(73,'mamaasd',NULL,'2018-08-03 16:49:30','2018-08-03 17:12:19',NULL,2,1,'2018-08-03 17:12:19'),(74,'mamaasd',NULL,'2018-08-03 16:49:30','2018-08-03 17:12:19',NULL,2,1,'2018-08-03 17:12:19'),(75,'mamaasd',NULL,'2018-08-03 16:49:30','2018-08-03 17:12:19',NULL,2,1,'2018-08-03 17:12:19'),(76,'mamaasd',NULL,'2018-08-03 16:49:30','2018-08-03 17:12:19',NULL,2,1,'2018-08-03 17:12:19'),(77,'mamaasd',NULL,'2018-08-03 16:49:30','2018-08-03 17:12:19',NULL,2,1,'2018-08-03 17:12:19'),(78,'mamaasd',NULL,'2018-08-03 16:49:30','2018-08-03 17:12:19',NULL,2,1,'2018-08-03 17:12:19'),(79,'mamaasd',NULL,'2018-08-03 16:49:30','2018-08-03 17:12:19',NULL,2,1,'2018-08-03 17:12:19'),(80,'mamaasd',NULL,'2018-08-03 16:49:31','2018-08-03 17:12:19',NULL,2,1,'2018-08-03 17:12:19'),(81,NULL,NULL,'2018-08-03 16:51:31','2018-08-03 17:12:19',NULL,2,1,'2018-08-03 17:12:19'),(82,'a',NULL,'2018-08-03 16:51:38','2018-08-03 17:12:19',NULL,2,1,'2018-08-03 17:12:19'),(83,'a',NULL,'2018-08-03 16:51:38','2018-08-03 17:12:19',NULL,2,1,'2018-08-03 17:12:19'),(84,'abs',NULL,'2018-08-03 16:51:51','2018-08-03 17:12:19',NULL,2,1,'2018-08-03 17:12:19'),(85,'abs',NULL,'2018-08-03 16:51:51','2018-08-03 17:12:19',NULL,2,1,'2018-08-03 17:12:19'),(86,'abs',NULL,'2018-08-03 16:51:51','2018-08-03 17:12:19',NULL,2,1,'2018-08-03 17:12:19'),(87,'abs',NULL,'2018-08-03 16:51:51','2018-08-03 17:12:19',NULL,2,1,'2018-08-03 17:12:19'),(88,NULL,NULL,'2018-08-03 16:52:56','2018-08-03 17:12:19',NULL,2,1,'2018-08-03 17:12:19'),(89,'asd',NULL,'2018-08-03 16:53:00','2018-08-03 17:12:19',NULL,2,1,'2018-08-03 17:12:19'),(90,'asd',NULL,'2018-08-03 16:53:01','2018-08-03 17:12:19',NULL,2,1,'2018-08-03 17:12:19'),(91,'asd',NULL,'2018-08-03 16:53:09','2018-08-03 17:12:19',NULL,2,1,'2018-08-03 17:12:19'),(92,'asd',NULL,'2018-08-03 16:53:10','2018-08-03 17:12:19',NULL,2,1,'2018-08-03 17:12:19'),(93,'asd',NULL,'2018-08-03 16:53:10','2018-08-03 17:12:19',NULL,2,1,'2018-08-03 17:12:19'),(94,'asd',NULL,'2018-08-03 16:53:11','2018-08-03 17:12:19',NULL,2,1,'2018-08-03 17:12:19'),(95,'asd',NULL,'2018-08-03 16:53:11','2018-08-03 17:12:19',NULL,2,1,'2018-08-03 17:12:19'),(96,'asd',NULL,'2018-08-03 16:53:12','2018-08-03 17:12:19',NULL,2,1,'2018-08-03 17:12:19'),(97,'asd',NULL,'2018-08-03 16:53:12','2018-08-03 17:12:19',NULL,2,1,'2018-08-03 17:12:19'),(98,'asd',NULL,'2018-08-03 16:53:12','2018-08-03 17:12:19',NULL,2,1,'2018-08-03 17:12:19'),(99,'asd',NULL,'2018-08-03 16:53:12','2018-08-03 17:12:19',NULL,2,1,'2018-08-03 17:12:19'),(100,'asd',NULL,'2018-08-03 16:53:12','2018-08-03 17:12:19',NULL,2,1,'2018-08-03 17:12:19'),(101,'asd',NULL,'2018-08-03 16:53:13','2018-08-03 17:12:19',NULL,2,1,'2018-08-03 17:12:19'),(102,'asd',NULL,'2018-08-03 16:53:13','2018-08-03 17:12:19',NULL,2,1,'2018-08-03 17:12:19'),(103,'asd',NULL,'2018-08-03 16:53:13','2018-08-03 17:12:19',NULL,2,1,'2018-08-03 17:12:19'),(104,'asd',NULL,'2018-08-03 16:53:14','2018-08-03 17:12:19',NULL,2,1,'2018-08-03 17:12:19'),(105,'asd',NULL,'2018-08-03 16:53:15','2018-08-03 17:12:19',NULL,2,1,'2018-08-03 17:12:19'),(106,'asd',NULL,'2018-08-03 16:53:17','2018-08-03 17:12:19',NULL,2,1,'2018-08-03 17:12:19'),(107,'asd',NULL,'2018-08-03 16:53:20','2018-08-03 17:12:19',NULL,2,1,'2018-08-03 17:12:19'),(108,NULL,NULL,'2018-08-03 16:55:16','2018-08-03 17:12:19',NULL,2,1,'2018-08-03 17:12:19'),(109,NULL,NULL,'2018-08-03 16:55:25','2018-08-03 17:12:19',NULL,2,1,'2018-08-03 17:12:19'),(110,NULL,NULL,'2018-08-03 16:55:26','2018-08-03 17:12:19',NULL,2,1,'2018-08-03 17:12:19'),(111,NULL,NULL,'2018-08-03 16:55:26','2018-08-03 17:12:19',NULL,2,1,'2018-08-03 17:12:19'),(112,NULL,NULL,'2018-08-03 16:55:27','2018-08-03 17:12:19',NULL,2,1,'2018-08-03 17:12:19'),(113,NULL,NULL,'2018-08-03 16:55:27','2018-08-03 17:12:19',NULL,2,1,'2018-08-03 17:12:19'),(114,NULL,NULL,'2018-08-03 16:55:28','2018-08-03 17:12:19',NULL,2,1,'2018-08-03 17:12:19'),(115,NULL,NULL,'2018-08-03 16:55:28','2018-08-03 17:12:19',NULL,2,1,'2018-08-03 17:12:19'),(116,NULL,NULL,'2018-08-03 16:55:28','2018-08-03 17:12:19',NULL,2,1,'2018-08-03 17:12:19'),(117,NULL,NULL,'2018-08-03 16:55:28','2018-08-03 17:12:19',NULL,2,1,'2018-08-03 17:12:19'),(118,NULL,NULL,'2018-08-03 16:55:29','2018-08-03 17:12:19',NULL,2,1,'2018-08-03 17:12:19'),(119,NULL,NULL,'2018-08-03 16:55:29','2018-08-03 17:12:19',NULL,2,1,'2018-08-03 17:12:19'),(120,NULL,NULL,'2018-08-03 16:55:29','2018-08-03 17:12:19',NULL,2,1,'2018-08-03 17:12:19'),(121,NULL,NULL,'2018-08-03 16:55:29','2018-08-03 17:12:19',NULL,2,1,'2018-08-03 17:12:19'),(122,NULL,NULL,'2018-08-03 16:55:30','2018-08-03 17:12:19',NULL,2,1,'2018-08-03 17:12:19'),(123,NULL,NULL,'2018-08-03 16:55:30','2018-08-03 17:12:19',NULL,2,1,'2018-08-03 17:12:19'),(124,NULL,NULL,'2018-08-03 16:55:34','2018-08-03 17:12:19',NULL,2,1,'2018-08-03 17:12:19'),(125,'asd',NULL,'2018-08-03 16:56:30','2018-08-03 17:12:19',NULL,2,1,'2018-08-03 17:12:19'),(126,'ok',NULL,'2018-08-03 16:57:53','2018-08-03 17:12:19',NULL,2,1,'2018-08-03 17:12:19'),(127,'ok',NULL,'2018-08-03 16:58:24','2018-08-03 17:12:19',NULL,2,1,'2018-08-03 17:12:19'),(128,'ok',NULL,'2018-08-03 16:58:24','2018-08-03 17:12:19',NULL,2,1,'2018-08-03 17:12:19'),(129,'ok',NULL,'2018-08-03 16:58:24','2018-08-03 17:12:19',NULL,2,1,'2018-08-03 17:12:19'),(130,'ok',NULL,'2018-08-03 16:58:24','2018-08-03 17:12:19',NULL,2,1,'2018-08-03 17:12:19'),(131,'asd',NULL,'2018-08-03 17:00:06','2018-08-03 17:12:19',NULL,2,1,'2018-08-03 17:12:19'),(132,'kok lucu',NULL,'2018-08-03 17:00:13','2018-08-03 17:12:19',NULL,2,1,'2018-08-03 17:12:19'),(133,'kok lucu',NULL,'2018-08-03 17:00:13','2018-08-03 17:12:19',NULL,2,1,'2018-08-03 17:12:19'),(134,'kok lucu',NULL,'2018-08-03 17:00:13','2018-08-03 17:12:19',NULL,2,1,'2018-08-03 17:12:19'),(135,'kok lucu',NULL,'2018-08-03 17:00:13','2018-08-03 17:12:19',NULL,2,1,'2018-08-03 17:12:19'),(136,'ealah',NULL,'2018-08-03 17:00:50','2018-08-03 17:12:19',NULL,2,1,'2018-08-03 17:12:19'),(137,'ealah',NULL,'2018-08-03 17:00:50','2018-08-03 17:12:19',NULL,2,1,'2018-08-03 17:12:19'),(138,'ealah',NULL,'2018-08-03 17:00:50','2018-08-03 17:12:19',NULL,2,1,'2018-08-03 17:12:19'),(139,'ealah',NULL,'2018-08-03 17:00:50','2018-08-03 17:12:19',NULL,2,1,'2018-08-03 17:12:19'),(140,'ealah',NULL,'2018-08-03 17:00:50','2018-08-03 17:12:19',NULL,2,1,'2018-08-03 17:12:19'),(141,'ealah',NULL,'2018-08-03 17:00:50','2018-08-03 17:12:19',NULL,2,1,'2018-08-03 17:12:19'),(142,'ealah',NULL,'2018-08-03 17:00:50','2018-08-03 17:12:19',NULL,2,1,'2018-08-03 17:12:19'),(143,'ealah',NULL,'2018-08-03 17:00:51','2018-08-03 17:12:19',NULL,2,1,'2018-08-03 17:12:19'),(144,'ealah',NULL,'2018-08-03 17:00:51','2018-08-03 17:12:19',NULL,2,1,'2018-08-03 17:12:19'),(145,'ealah',NULL,'2018-08-03 17:00:51','2018-08-03 17:12:19',NULL,2,1,'2018-08-03 17:12:19'),(146,'ealah',NULL,'2018-08-03 17:00:51','2018-08-03 17:12:19',NULL,2,1,'2018-08-03 17:12:19'),(147,'ealah',NULL,'2018-08-03 17:00:52','2018-08-03 17:12:19',NULL,2,1,'2018-08-03 17:12:19'),(148,'ealah',NULL,'2018-08-03 17:00:52','2018-08-03 17:12:19',NULL,2,1,'2018-08-03 17:12:19'),(149,'ealah',NULL,'2018-08-03 17:00:52','2018-08-03 17:12:19',NULL,2,1,'2018-08-03 17:12:19'),(150,'ealah',NULL,'2018-08-03 17:00:52','2018-08-03 17:12:19',NULL,2,1,'2018-08-03 17:12:19'),(151,'ealah',NULL,'2018-08-03 17:00:52','2018-08-03 17:12:19',NULL,2,1,'2018-08-03 17:12:19'),(152,'ealah',NULL,'2018-08-03 17:00:53','2018-08-03 17:12:19',NULL,2,1,'2018-08-03 17:12:19'),(153,'ealah',NULL,'2018-08-03 17:00:53','2018-08-03 17:12:19',NULL,2,1,'2018-08-03 17:12:19'),(154,'ealah',NULL,'2018-08-03 17:00:53','2018-08-03 17:12:19',NULL,2,1,'2018-08-03 17:12:19'),(155,'ealah',NULL,'2018-08-03 17:00:53','2018-08-03 17:12:19',NULL,2,1,'2018-08-03 17:12:19'),(156,'ealah',NULL,'2018-08-03 17:00:53','2018-08-03 17:12:19',NULL,2,1,'2018-08-03 17:12:19'),(157,'ealah',NULL,'2018-08-03 17:00:53','2018-08-03 17:12:19',NULL,2,1,'2018-08-03 17:12:19'),(158,'ealah',NULL,'2018-08-03 17:00:53','2018-08-03 17:12:19',NULL,2,1,'2018-08-03 17:12:19'),(159,'ealah',NULL,'2018-08-03 17:00:54','2018-08-03 17:12:19',NULL,2,1,'2018-08-03 17:12:19'),(160,'ealah',NULL,'2018-08-03 17:00:54','2018-08-03 17:12:19',NULL,2,1,'2018-08-03 17:12:19'),(161,'ealah',NULL,'2018-08-03 17:00:55','2018-08-03 17:12:19',NULL,2,1,'2018-08-03 17:12:19'),(162,'ealah',NULL,'2018-08-03 17:00:55','2018-08-03 17:12:19',NULL,2,1,'2018-08-03 17:12:19'),(163,'ealah',NULL,'2018-08-03 17:00:55','2018-08-03 17:12:19',NULL,2,1,'2018-08-03 17:12:19'),(164,'ealah',NULL,'2018-08-03 17:00:55','2018-08-03 17:12:19',NULL,2,1,'2018-08-03 17:12:19'),(165,'ealah',NULL,'2018-08-03 17:00:55','2018-08-03 17:12:19',NULL,2,1,'2018-08-03 17:12:19'),(166,'ealah',NULL,'2018-08-03 17:00:55','2018-08-03 17:12:19',NULL,2,1,'2018-08-03 17:12:19'),(167,'ealah',NULL,'2018-08-03 17:00:55','2018-08-03 17:12:19',NULL,2,1,'2018-08-03 17:12:19'),(168,'ealah',NULL,'2018-08-03 17:00:55','2018-08-03 17:12:19',NULL,2,1,'2018-08-03 17:12:19'),(169,'ealah',NULL,'2018-08-03 17:00:55','2018-08-03 17:12:19',NULL,2,1,'2018-08-03 17:12:19'),(170,'ealah',NULL,'2018-08-03 17:01:04','2018-08-03 17:12:19',NULL,2,1,'2018-08-03 17:12:19'),(171,'ealah',NULL,'2018-08-03 17:01:04','2018-08-03 17:12:19',NULL,2,1,'2018-08-03 17:12:19'),(172,'ealah',NULL,'2018-08-03 17:01:04','2018-08-03 17:12:19',NULL,2,1,'2018-08-03 17:12:19'),(173,'ealah',NULL,'2018-08-03 17:01:04','2018-08-03 17:12:19',NULL,2,1,'2018-08-03 17:12:19'),(174,'ealah',NULL,'2018-08-03 17:01:04','2018-08-03 17:12:19',NULL,2,1,'2018-08-03 17:12:19'),(175,'ealah',NULL,'2018-08-03 17:01:04','2018-08-03 17:12:19',NULL,2,1,'2018-08-03 17:12:19'),(176,'ealah',NULL,'2018-08-03 17:01:04','2018-08-03 17:12:19',NULL,2,1,'2018-08-03 17:12:19'),(177,'ealah',NULL,'2018-08-03 17:01:04','2018-08-03 17:12:19',NULL,2,1,'2018-08-03 17:12:19'),(178,'ealah',NULL,'2018-08-03 17:01:05','2018-08-03 17:12:19',NULL,2,1,'2018-08-03 17:12:19'),(179,'ealah',NULL,'2018-08-03 17:01:06','2018-08-03 17:12:19',NULL,2,1,'2018-08-03 17:12:19'),(180,'ealah',NULL,'2018-08-03 17:01:06','2018-08-03 17:12:19',NULL,2,1,'2018-08-03 17:12:19'),(181,'ealah',NULL,'2018-08-03 17:01:06','2018-08-03 17:12:19',NULL,2,1,'2018-08-03 17:12:19'),(182,'ealah',NULL,'2018-08-03 17:01:06','2018-08-03 17:12:19',NULL,2,1,'2018-08-03 17:12:19'),(183,'ealah',NULL,'2018-08-03 17:01:06','2018-08-03 17:12:19',NULL,2,1,'2018-08-03 17:12:19'),(184,'ealah',NULL,'2018-08-03 17:01:07','2018-08-03 17:12:19',NULL,2,1,'2018-08-03 17:12:19'),(185,'ealah',NULL,'2018-08-03 17:01:08','2018-08-03 17:12:19',NULL,2,1,'2018-08-03 17:12:19'),(186,'ealah',NULL,'2018-08-03 17:01:08','2018-08-03 17:12:19',NULL,2,1,'2018-08-03 17:12:19'),(187,'ealah',NULL,'2018-08-03 17:01:08','2018-08-03 17:12:19',NULL,2,1,'2018-08-03 17:12:19'),(188,'ealah',NULL,'2018-08-03 17:01:08','2018-08-03 17:12:19',NULL,2,1,'2018-08-03 17:12:19'),(189,'ealah',NULL,'2018-08-03 17:01:08','2018-08-03 17:12:19',NULL,2,1,'2018-08-03 17:12:19'),(190,'ealah',NULL,'2018-08-03 17:01:09','2018-08-03 17:12:19',NULL,2,1,'2018-08-03 17:12:19'),(191,'ealah',NULL,'2018-08-03 17:01:09','2018-08-03 17:12:19',NULL,2,1,'2018-08-03 17:12:19'),(192,'ealah',NULL,'2018-08-03 17:01:09','2018-08-03 17:12:19',NULL,2,1,'2018-08-03 17:12:19'),(193,'ealah',NULL,'2018-08-03 17:01:09','2018-08-03 17:12:19',NULL,2,1,'2018-08-03 17:12:19'),(194,'ealah',NULL,'2018-08-03 17:01:10','2018-08-03 17:12:19',NULL,2,1,'2018-08-03 17:12:19'),(195,'ealah',NULL,'2018-08-03 17:01:10','2018-08-03 17:12:19',NULL,2,1,'2018-08-03 17:12:19'),(196,'ealah',NULL,'2018-08-03 17:01:10','2018-08-03 17:12:19',NULL,2,1,'2018-08-03 17:12:19'),(197,'ealah',NULL,'2018-08-03 17:01:10','2018-08-03 17:12:19',NULL,2,1,'2018-08-03 17:12:19'),(198,'ealah',NULL,'2018-08-03 17:01:11','2018-08-03 17:12:19',NULL,2,1,'2018-08-03 17:12:19'),(199,'ealah',NULL,'2018-08-03 17:01:12','2018-08-03 17:12:19',NULL,2,1,'2018-08-03 17:12:19'),(200,'ealah',NULL,'2018-08-03 17:01:12','2018-08-03 17:12:19',NULL,2,1,'2018-08-03 17:12:19'),(201,'ealah',NULL,'2018-08-03 17:01:12','2018-08-03 17:12:19',NULL,2,1,'2018-08-03 17:12:19'),(202,'ealah',NULL,'2018-08-03 17:01:12','2018-08-03 17:12:19',NULL,2,1,'2018-08-03 17:12:19'),(203,'ealah',NULL,'2018-08-03 17:01:12','2018-08-03 17:12:19',NULL,2,1,'2018-08-03 17:12:19'),(204,'ealah',NULL,'2018-08-03 17:01:12','2018-08-03 17:12:19',NULL,2,1,'2018-08-03 17:12:19'),(205,'ealah',NULL,'2018-08-03 17:01:13','2018-08-03 17:12:19',NULL,2,1,'2018-08-03 17:12:19'),(206,'ealah',NULL,'2018-08-03 17:01:13','2018-08-03 17:12:19',NULL,2,1,'2018-08-03 17:12:19'),(207,'ealah',NULL,'2018-08-03 17:01:13','2018-08-03 17:12:19',NULL,2,1,'2018-08-03 17:12:19'),(208,'ealah',NULL,'2018-08-03 17:01:14','2018-08-03 17:12:19',NULL,2,1,'2018-08-03 17:12:19'),(209,'ealah',NULL,'2018-08-03 17:01:14','2018-08-03 17:12:19',NULL,2,1,'2018-08-03 17:12:19'),(210,'ealah',NULL,'2018-08-03 17:01:14','2018-08-03 17:12:19',NULL,2,1,'2018-08-03 17:12:19'),(211,'ealah',NULL,'2018-08-03 17:01:14','2018-08-03 17:12:19',NULL,2,1,'2018-08-03 17:12:19'),(212,'ealah',NULL,'2018-08-03 17:01:14','2018-08-03 17:12:19',NULL,2,1,'2018-08-03 17:12:19'),(213,'ealah',NULL,'2018-08-03 17:01:16','2018-08-03 17:12:19',NULL,2,1,'2018-08-03 17:12:19'),(214,'ealah',NULL,'2018-08-03 17:01:16','2018-08-03 17:12:19',NULL,2,1,'2018-08-03 17:12:19'),(215,'ealah',NULL,'2018-08-03 17:01:16','2018-08-03 17:12:19',NULL,2,1,'2018-08-03 17:12:19'),(216,'ealah',NULL,'2018-08-03 17:01:16','2018-08-03 17:12:19',NULL,2,1,'2018-08-03 17:12:19'),(217,'ealah',NULL,'2018-08-03 17:01:16','2018-08-03 17:12:19',NULL,2,1,'2018-08-03 17:12:19'),(218,'ealah',NULL,'2018-08-03 17:01:16','2018-08-03 17:12:19',NULL,2,1,'2018-08-03 17:12:19'),(219,'ealah',NULL,'2018-08-03 17:01:16','2018-08-03 17:12:19',NULL,2,1,'2018-08-03 17:12:19'),(220,'ealah',NULL,'2018-08-03 17:01:16','2018-08-03 17:12:19',NULL,2,1,'2018-08-03 17:12:19'),(221,'ealah',NULL,'2018-08-03 17:01:16','2018-08-03 17:12:19',NULL,2,1,'2018-08-03 17:12:19'),(222,'ealah',NULL,'2018-08-03 17:01:18','2018-08-03 17:12:19',NULL,2,1,'2018-08-03 17:12:19'),(223,'ealah',NULL,'2018-08-03 17:01:18','2018-08-03 17:12:19',NULL,2,1,'2018-08-03 17:12:19'),(224,'ealah',NULL,'2018-08-03 17:01:18','2018-08-03 17:12:19',NULL,2,1,'2018-08-03 17:12:19'),(225,'ealah',NULL,'2018-08-03 17:01:18','2018-08-03 17:12:19',NULL,2,1,'2018-08-03 17:12:19'),(226,'ealah',NULL,'2018-08-03 17:01:18','2018-08-03 17:12:19',NULL,2,1,'2018-08-03 17:12:19'),(227,'ealah',NULL,'2018-08-03 17:01:18','2018-08-03 17:12:19',NULL,2,1,'2018-08-03 17:12:19'),(228,'ealah',NULL,'2018-08-03 17:01:18','2018-08-03 17:12:19',NULL,2,1,'2018-08-03 17:12:19'),(229,'ealah',NULL,'2018-08-03 17:01:18','2018-08-03 17:12:19',NULL,2,1,'2018-08-03 17:12:19'),(230,'ealah',NULL,'2018-08-03 17:01:19','2018-08-03 17:12:19',NULL,2,1,'2018-08-03 17:12:19'),(231,'ealah',NULL,'2018-08-03 17:01:21','2018-08-03 17:12:19',NULL,2,1,'2018-08-03 17:12:19'),(232,'ealah',NULL,'2018-08-03 17:01:21','2018-08-03 17:12:19',NULL,2,1,'2018-08-03 17:12:19'),(233,'ealah',NULL,'2018-08-03 17:01:21','2018-08-03 17:12:19',NULL,2,1,'2018-08-03 17:12:19'),(234,'ealah',NULL,'2018-08-03 17:01:21','2018-08-03 17:12:19',NULL,2,1,'2018-08-03 17:12:19'),(235,'ealah',NULL,'2018-08-03 17:01:21','2018-08-03 17:12:19',NULL,2,1,'2018-08-03 17:12:19'),(236,'ealah',NULL,'2018-08-03 17:01:21','2018-08-03 17:12:19',NULL,2,1,'2018-08-03 17:12:19'),(237,'ealah',NULL,'2018-08-03 17:01:21','2018-08-03 17:12:19',NULL,2,1,'2018-08-03 17:12:19'),(238,'ealah',NULL,'2018-08-03 17:01:22','2018-08-03 17:12:19',NULL,2,1,'2018-08-03 17:12:19'),(239,'ealah',NULL,'2018-08-03 17:01:22','2018-08-03 17:12:19',NULL,2,1,'2018-08-03 17:12:19'),(240,'ealah',NULL,'2018-08-03 17:01:23','2018-08-03 17:12:19',NULL,2,1,'2018-08-03 17:12:19'),(241,'ealah',NULL,'2018-08-03 17:01:23','2018-08-03 17:12:19',NULL,2,1,'2018-08-03 17:12:19'),(242,'ealah',NULL,'2018-08-03 17:01:23','2018-08-03 17:12:19',NULL,2,1,'2018-08-03 17:12:19'),(243,'ealah',NULL,'2018-08-03 17:01:23','2018-08-03 17:12:19',NULL,2,1,'2018-08-03 17:12:19'),(244,'ealah',NULL,'2018-08-03 17:01:23','2018-08-03 17:12:19',NULL,2,1,'2018-08-03 17:12:19'),(245,'ealah',NULL,'2018-08-03 17:01:23','2018-08-03 17:12:19',NULL,2,1,'2018-08-03 17:12:19'),(246,'ealah',NULL,'2018-08-03 17:01:23','2018-08-03 17:12:19',NULL,2,1,'2018-08-03 17:12:19'),(247,'ealah',NULL,'2018-08-03 17:01:23','2018-08-03 17:12:19',NULL,2,1,'2018-08-03 17:12:19'),(248,'ealah',NULL,'2018-08-03 17:01:24','2018-08-03 17:12:19',NULL,2,1,'2018-08-03 17:12:19'),(249,'ealah',NULL,'2018-08-03 17:01:26','2018-08-03 17:12:19',NULL,2,1,'2018-08-03 17:12:19'),(250,'ealah',NULL,'2018-08-03 17:01:26','2018-08-03 17:12:19',NULL,2,1,'2018-08-03 17:12:19'),(251,'ealah',NULL,'2018-08-03 17:01:26','2018-08-03 17:12:19',NULL,2,1,'2018-08-03 17:12:19'),(252,'ealah',NULL,'2018-08-03 17:01:26','2018-08-03 17:12:19',NULL,2,1,'2018-08-03 17:12:19'),(253,'ealah',NULL,'2018-08-03 17:01:26','2018-08-03 17:12:19',NULL,2,1,'2018-08-03 17:12:19'),(254,'ealah',NULL,'2018-08-03 17:01:27','2018-08-03 17:12:19',NULL,2,1,'2018-08-03 17:12:19'),(255,'ealah',NULL,'2018-08-03 17:01:27','2018-08-03 17:12:19',NULL,2,1,'2018-08-03 17:12:19'),(256,'ealah',NULL,'2018-08-03 17:01:27','2018-08-03 17:12:19',NULL,2,1,'2018-08-03 17:12:19'),(257,'ealah',NULL,'2018-08-03 17:01:27','2018-08-03 17:12:19',NULL,2,1,'2018-08-03 17:12:19'),(258,'ealah',NULL,'2018-08-03 17:01:27','2018-08-03 17:12:19',NULL,2,1,'2018-08-03 17:12:19'),(259,'ealah',NULL,'2018-08-03 17:01:28','2018-08-03 17:12:19',NULL,2,1,'2018-08-03 17:12:19'),(260,'ealah',NULL,'2018-08-03 17:01:28','2018-08-03 17:12:19',NULL,2,1,'2018-08-03 17:12:19'),(261,'ealah',NULL,'2018-08-03 17:01:28','2018-08-03 17:12:19',NULL,2,1,'2018-08-03 17:12:19'),(262,'ealah',NULL,'2018-08-03 17:01:28','2018-08-03 17:12:19',NULL,2,1,'2018-08-03 17:12:19'),(263,'ealah',NULL,'2018-08-03 17:01:30','2018-08-03 17:12:19',NULL,2,1,'2018-08-03 17:12:19'),(264,'ealah',NULL,'2018-08-03 17:01:30','2018-08-03 17:12:19',NULL,2,1,'2018-08-03 17:12:19'),(265,'ealah',NULL,'2018-08-03 17:01:30','2018-08-03 17:12:19',NULL,2,1,'2018-08-03 17:12:19'),(266,'ealah',NULL,'2018-08-03 17:01:31','2018-08-03 17:12:19',NULL,2,1,'2018-08-03 17:12:19'),(267,'ealah',NULL,'2018-08-03 17:01:31','2018-08-03 17:12:19',NULL,2,1,'2018-08-03 17:12:19'),(268,'ealah',NULL,'2018-08-03 17:01:32','2018-08-03 17:12:19',NULL,2,1,'2018-08-03 17:12:19'),(269,'ealah',NULL,'2018-08-03 17:01:32','2018-08-03 17:12:19',NULL,2,1,'2018-08-03 17:12:19'),(270,'ealah',NULL,'2018-08-03 17:01:32','2018-08-03 17:12:19',NULL,2,1,'2018-08-03 17:12:19'),(271,'ealah',NULL,'2018-08-03 17:01:32','2018-08-03 17:12:19',NULL,2,1,'2018-08-03 17:12:19'),(272,'ealah',NULL,'2018-08-03 17:01:33','2018-08-03 17:12:19',NULL,2,1,'2018-08-03 17:12:19'),(273,'ealah',NULL,'2018-08-03 17:01:33','2018-08-03 17:12:19',NULL,2,1,'2018-08-03 17:12:19'),(274,'ealah',NULL,'2018-08-03 17:01:34','2018-08-03 17:12:19',NULL,2,1,'2018-08-03 17:12:19'),(275,'ealah',NULL,'2018-08-03 17:01:34','2018-08-03 17:12:19',NULL,2,1,'2018-08-03 17:12:19'),(276,'ealah',NULL,'2018-08-03 17:01:34','2018-08-03 17:12:19',NULL,2,1,'2018-08-03 17:12:19'),(277,'ealah',NULL,'2018-08-03 17:01:34','2018-08-03 17:12:19',NULL,2,1,'2018-08-03 17:12:19'),(278,'ealah',NULL,'2018-08-03 17:01:35','2018-08-03 17:12:19',NULL,2,1,'2018-08-03 17:12:19'),(279,'ealah',NULL,'2018-08-03 17:01:35','2018-08-03 17:12:19',NULL,2,1,'2018-08-03 17:12:19'),(280,'ealah',NULL,'2018-08-03 17:01:35','2018-08-03 17:12:19',NULL,2,1,'2018-08-03 17:12:19'),(281,'ealah',NULL,'2018-08-03 17:01:36','2018-08-03 17:12:19',NULL,2,1,'2018-08-03 17:12:19'),(282,'ealah',NULL,'2018-08-03 17:01:36','2018-08-03 17:12:19',NULL,2,1,'2018-08-03 17:12:19'),(283,'ealah',NULL,'2018-08-03 17:01:37','2018-08-03 17:12:19',NULL,2,1,'2018-08-03 17:12:19'),(284,'ealah',NULL,'2018-08-03 17:01:37','2018-08-03 17:12:19',NULL,2,1,'2018-08-03 17:12:19'),(285,'ealah',NULL,'2018-08-03 17:01:37','2018-08-03 17:12:19',NULL,2,1,'2018-08-03 17:12:19'),(286,'ealah',NULL,'2018-08-03 17:01:37','2018-08-03 17:12:19',NULL,2,1,'2018-08-03 17:12:19'),(287,'ealah',NULL,'2018-08-03 17:01:37','2018-08-03 17:12:19',NULL,2,1,'2018-08-03 17:12:19'),(288,'ealah',NULL,'2018-08-03 17:01:38','2018-08-03 17:12:19',NULL,2,1,'2018-08-03 17:12:19'),(289,'ealah',NULL,'2018-08-03 17:01:39','2018-08-03 17:12:19',NULL,2,1,'2018-08-03 17:12:19'),(290,'ealah',NULL,'2018-08-03 17:01:39','2018-08-03 17:12:19',NULL,2,1,'2018-08-03 17:12:19'),(291,'ealah',NULL,'2018-08-03 17:01:39','2018-08-03 17:12:19',NULL,2,1,'2018-08-03 17:12:19'),(292,'ealah',NULL,'2018-08-03 17:01:40','2018-08-03 17:12:19',NULL,2,1,'2018-08-03 17:12:19'),(293,'ealah',NULL,'2018-08-03 17:01:41','2018-08-03 17:12:19',NULL,2,1,'2018-08-03 17:12:19'),(294,'ealah',NULL,'2018-08-03 17:01:41','2018-08-03 17:12:19',NULL,2,1,'2018-08-03 17:12:19'),(295,'ealah',NULL,'2018-08-03 17:01:41','2018-08-03 17:12:19',NULL,2,1,'2018-08-03 17:12:19'),(296,'ealah',NULL,'2018-08-03 17:01:41','2018-08-03 17:12:19',NULL,2,1,'2018-08-03 17:12:19'),(297,'ealah',NULL,'2018-08-03 17:01:41','2018-08-03 17:12:19',NULL,2,1,'2018-08-03 17:12:19'),(298,'ealah',NULL,'2018-08-03 17:01:41','2018-08-03 17:12:19',NULL,2,1,'2018-08-03 17:12:19'),(299,'ealah',NULL,'2018-08-03 17:01:42','2018-08-03 17:12:19',NULL,2,1,'2018-08-03 17:12:19'),(300,'ealah',NULL,'2018-08-03 17:01:43','2018-08-03 17:12:19',NULL,2,1,'2018-08-03 17:12:19'),(301,'ealah',NULL,'2018-08-03 17:01:43','2018-08-03 17:12:19',NULL,2,1,'2018-08-03 17:12:19'),(302,'ealah',NULL,'2018-08-03 17:01:43','2018-08-03 17:12:19',NULL,2,1,'2018-08-03 17:12:19'),(303,'ealah',NULL,'2018-08-03 17:01:43','2018-08-03 17:12:19',NULL,2,1,'2018-08-03 17:12:19'),(304,'ealah',NULL,'2018-08-03 17:01:44','2018-08-03 17:12:19',NULL,2,1,'2018-08-03 17:12:19'),(305,'ealah',NULL,'2018-08-03 17:01:45','2018-08-03 17:12:19',NULL,2,1,'2018-08-03 17:12:19'),(306,'ealah',NULL,'2018-08-03 17:01:45','2018-08-03 17:12:19',NULL,2,1,'2018-08-03 17:12:19'),(307,'ealah',NULL,'2018-08-03 17:01:45','2018-08-03 17:12:19',NULL,2,1,'2018-08-03 17:12:19'),(308,'ealah',NULL,'2018-08-03 17:01:45','2018-08-03 17:12:19',NULL,2,1,'2018-08-03 17:12:19'),(309,'ealah',NULL,'2018-08-03 17:01:45','2018-08-03 17:12:19',NULL,2,1,'2018-08-03 17:12:19'),(310,'ealah',NULL,'2018-08-03 17:01:45','2018-08-03 17:12:19',NULL,2,1,'2018-08-03 17:12:19'),(311,'ealah',NULL,'2018-08-03 17:01:47','2018-08-03 17:12:19',NULL,2,1,'2018-08-03 17:12:19'),(312,'ealah',NULL,'2018-08-03 17:01:47','2018-08-03 17:12:19',NULL,2,1,'2018-08-03 17:12:19'),(313,'ealah',NULL,'2018-08-03 17:01:47','2018-08-03 17:12:19',NULL,2,1,'2018-08-03 17:12:19'),(314,'ealah',NULL,'2018-08-03 17:01:47','2018-08-03 17:12:19',NULL,2,1,'2018-08-03 17:12:19'),(315,'ealah',NULL,'2018-08-03 17:01:47','2018-08-03 17:12:19',NULL,2,1,'2018-08-03 17:12:19'),(316,'ealah',NULL,'2018-08-03 17:01:48','2018-08-03 17:12:19',NULL,2,1,'2018-08-03 17:12:19'),(317,'ealah',NULL,'2018-08-03 17:01:49','2018-08-03 17:12:19',NULL,2,1,'2018-08-03 17:12:19'),(318,'ealah',NULL,'2018-08-03 17:01:49','2018-08-03 17:12:19',NULL,2,1,'2018-08-03 17:12:19'),(319,'ealah',NULL,'2018-08-03 17:01:49','2018-08-03 17:12:19',NULL,2,1,'2018-08-03 17:12:19'),(320,'ealah',NULL,'2018-08-03 17:01:50','2018-08-03 17:12:19',NULL,2,1,'2018-08-03 17:12:19'),(321,'ealah',NULL,'2018-08-03 17:01:50','2018-08-03 17:12:19',NULL,2,1,'2018-08-03 17:12:19'),(322,'ealah',NULL,'2018-08-03 17:01:50','2018-08-03 17:12:19',NULL,2,1,'2018-08-03 17:12:19'),(323,'ealah',NULL,'2018-08-03 17:01:52','2018-08-03 17:12:19',NULL,2,1,'2018-08-03 17:12:19'),(324,'ealah',NULL,'2018-08-03 17:01:53','2018-08-03 17:12:19',NULL,2,1,'2018-08-03 17:12:19'),(325,'ealah',NULL,'2018-08-03 17:01:53','2018-08-03 17:12:19',NULL,2,1,'2018-08-03 17:12:19'),(326,'ealah',NULL,'2018-08-03 17:01:53','2018-08-03 17:12:19',NULL,2,1,'2018-08-03 17:12:19'),(327,'ealah',NULL,'2018-08-03 17:01:53','2018-08-03 17:12:19',NULL,2,1,'2018-08-03 17:12:19'),(328,'ealah',NULL,'2018-08-03 17:01:53','2018-08-03 17:12:19',NULL,2,1,'2018-08-03 17:12:19'),(329,'ealah',NULL,'2018-08-03 17:01:53','2018-08-03 17:12:19',NULL,2,1,'2018-08-03 17:12:19'),(330,'ealah',NULL,'2018-08-03 17:01:53','2018-08-03 17:12:19',NULL,2,1,'2018-08-03 17:12:19'),(331,'ealah',NULL,'2018-08-03 17:01:54','2018-08-03 17:12:19',NULL,2,1,'2018-08-03 17:12:19'),(332,'ealah',NULL,'2018-08-03 17:01:58','2018-08-03 17:12:19',NULL,2,1,'2018-08-03 17:12:19'),(333,'ealah',NULL,'2018-08-03 17:02:06','2018-08-03 17:12:19',NULL,2,1,'2018-08-03 17:12:19'),(334,'ealah',NULL,'2018-08-03 17:02:06','2018-08-03 17:12:19',NULL,2,1,'2018-08-03 17:12:19'),(335,'ealah',NULL,'2018-08-03 17:02:06','2018-08-03 17:12:19',NULL,2,1,'2018-08-03 17:12:19'),(336,'ealah',NULL,'2018-08-03 17:02:14','2018-08-03 17:12:19',NULL,2,1,'2018-08-03 17:12:19'),(337,'ealah',NULL,'2018-08-03 17:02:14','2018-08-03 17:12:19',NULL,2,1,'2018-08-03 17:12:19'),(338,'ealah',NULL,'2018-08-03 17:02:14','2018-08-03 17:12:19',NULL,2,1,'2018-08-03 17:12:19'),(339,'ealah',NULL,'2018-08-03 17:02:14','2018-08-03 17:12:19',NULL,2,1,'2018-08-03 17:12:19'),(340,'ealah',NULL,'2018-08-03 17:02:14','2018-08-03 17:12:19',NULL,2,1,'2018-08-03 17:12:19'),(341,'ealah',NULL,'2018-08-03 17:02:14','2018-08-03 17:12:19',NULL,2,1,'2018-08-03 17:12:19'),(342,'ealah',NULL,'2018-08-03 17:02:14','2018-08-03 17:12:19',NULL,2,1,'2018-08-03 17:12:19'),(343,'ealah',NULL,'2018-08-03 17:02:14','2018-08-03 17:12:19',NULL,2,1,'2018-08-03 17:12:19'),(344,'ealah',NULL,'2018-08-03 17:02:14','2018-08-03 17:12:19',NULL,2,1,'2018-08-03 17:12:19'),(345,'ealah',NULL,'2018-08-03 17:02:23','2018-08-03 17:12:19',NULL,2,1,'2018-08-03 17:12:19'),(346,'ealah',NULL,'2018-08-03 17:02:23','2018-08-03 17:12:19',NULL,2,1,'2018-08-03 17:12:19'),(347,'ealah',NULL,'2018-08-03 17:02:23','2018-08-03 17:12:19',NULL,2,1,'2018-08-03 17:12:19'),(348,'ealah',NULL,'2018-08-03 17:02:23','2018-08-03 17:12:19',NULL,2,1,'2018-08-03 17:12:19'),(349,'ealah',NULL,'2018-08-03 17:02:23','2018-08-03 17:12:19',NULL,2,1,'2018-08-03 17:12:19'),(350,'ealah',NULL,'2018-08-03 17:02:23','2018-08-03 17:12:19',NULL,2,1,'2018-08-03 17:12:19'),(351,'ealah',NULL,'2018-08-03 17:02:24','2018-08-03 17:12:19',NULL,2,1,'2018-08-03 17:12:19'),(352,'ealah',NULL,'2018-08-03 17:02:25','2018-08-03 17:12:19',NULL,2,1,'2018-08-03 17:12:19'),(353,'ealah',NULL,'2018-08-03 17:02:25','2018-08-03 17:12:19',NULL,2,1,'2018-08-03 17:12:19'),(354,'ealah',NULL,'2018-08-03 17:02:26','2018-08-03 17:12:19',NULL,2,1,'2018-08-03 17:12:19'),(355,'ealah',NULL,'2018-08-03 17:02:26','2018-08-03 17:12:19',NULL,2,1,'2018-08-03 17:12:19'),(356,'ealah',NULL,'2018-08-03 17:02:26','2018-08-03 17:12:19',NULL,2,1,'2018-08-03 17:12:19'),(357,'ealah',NULL,'2018-08-03 17:02:26','2018-08-03 17:12:19',NULL,2,1,'2018-08-03 17:12:19'),(358,'ealah',NULL,'2018-08-03 17:02:26','2018-08-03 17:12:19',NULL,2,1,'2018-08-03 17:12:19'),(359,'ealah',NULL,'2018-08-03 17:02:27','2018-08-03 17:12:19',NULL,2,1,'2018-08-03 17:12:19'),(360,'ealah',NULL,'2018-08-03 17:02:28','2018-08-03 17:12:19',NULL,2,1,'2018-08-03 17:12:19'),(361,'ealah',NULL,'2018-08-03 17:02:28','2018-08-03 17:12:19',NULL,2,1,'2018-08-03 17:12:19'),(362,'ealah',NULL,'2018-08-03 17:02:28','2018-08-03 17:12:19',NULL,2,1,'2018-08-03 17:12:19'),(363,'ealah',NULL,'2018-08-03 17:02:28','2018-08-03 17:12:19',NULL,2,1,'2018-08-03 17:12:19'),(364,'ealah',NULL,'2018-08-03 17:02:28','2018-08-03 17:12:19',NULL,2,1,'2018-08-03 17:12:19'),(365,'ealah',NULL,'2018-08-03 17:02:28','2018-08-03 17:12:19',NULL,2,1,'2018-08-03 17:12:19'),(366,'ealah',NULL,'2018-08-03 17:02:28','2018-08-03 17:12:19',NULL,2,1,'2018-08-03 17:12:19'),(367,'ealah',NULL,'2018-08-03 17:02:29','2018-08-03 17:12:19',NULL,2,1,'2018-08-03 17:12:19'),(368,'ealah',NULL,'2018-08-03 17:02:31','2018-08-03 17:12:19',NULL,2,1,'2018-08-03 17:12:19'),(369,'ealah',NULL,'2018-08-03 17:02:31','2018-08-03 17:12:19',NULL,2,1,'2018-08-03 17:12:19'),(370,'ealah',NULL,'2018-08-03 17:02:31','2018-08-03 17:12:19',NULL,2,1,'2018-08-03 17:12:19'),(371,'ealah',NULL,'2018-08-03 17:02:31','2018-08-03 17:12:19',NULL,2,1,'2018-08-03 17:12:19'),(372,'ealah',NULL,'2018-08-03 17:02:31','2018-08-03 17:12:19',NULL,2,1,'2018-08-03 17:12:19'),(373,'ealah',NULL,'2018-08-03 17:02:32','2018-08-03 17:12:19',NULL,2,1,'2018-08-03 17:12:19'),(374,'ealah',NULL,'2018-08-03 17:02:32','2018-08-03 17:12:19',NULL,2,1,'2018-08-03 17:12:19'),(375,'ealah',NULL,'2018-08-03 17:02:32','2018-08-03 17:12:19',NULL,2,1,'2018-08-03 17:12:19'),(376,'ealah',NULL,'2018-08-03 17:02:34','2018-08-03 17:12:19',NULL,2,1,'2018-08-03 17:12:19'),(377,'ealah',NULL,'2018-08-03 17:02:34','2018-08-03 17:12:19',NULL,2,1,'2018-08-03 17:12:19'),(378,'ealah',NULL,'2018-08-03 17:02:34','2018-08-03 17:12:19',NULL,2,1,'2018-08-03 17:12:19'),(379,'ealah',NULL,'2018-08-03 17:02:34','2018-08-03 17:12:19',NULL,2,1,'2018-08-03 17:12:19'),(380,'ealah',NULL,'2018-08-03 17:02:34','2018-08-03 17:12:19',NULL,2,1,'2018-08-03 17:12:19'),(381,'ealah',NULL,'2018-08-03 17:02:34','2018-08-03 17:12:19',NULL,2,1,'2018-08-03 17:12:19'),(382,'ealah',NULL,'2018-08-03 17:02:35','2018-08-03 17:12:19',NULL,2,1,'2018-08-03 17:12:19'),(383,'ealah',NULL,'2018-08-03 17:02:35','2018-08-03 17:12:19',NULL,2,1,'2018-08-03 17:12:19'),(384,'ealah',NULL,'2018-08-03 17:02:36','2018-08-03 17:12:19',NULL,2,1,'2018-08-03 17:12:19'),(385,'ealah',NULL,'2018-08-03 17:02:38','2018-08-03 17:12:19',NULL,2,1,'2018-08-03 17:12:19'),(386,'ealah',NULL,'2018-08-03 17:02:38','2018-08-03 17:12:19',NULL,2,1,'2018-08-03 17:12:19'),(387,'ealah',NULL,'2018-08-03 17:02:38','2018-08-03 17:12:19',NULL,2,1,'2018-08-03 17:12:19'),(388,'ealah',NULL,'2018-08-03 17:02:38','2018-08-03 17:12:19',NULL,2,1,'2018-08-03 17:12:19'),(389,'ealah',NULL,'2018-08-03 17:02:38','2018-08-03 17:12:19',NULL,2,1,'2018-08-03 17:12:19'),(390,'ealah',NULL,'2018-08-03 17:02:38','2018-08-03 17:12:19',NULL,2,1,'2018-08-03 17:12:19'),(391,'ealah',NULL,'2018-08-03 17:02:39','2018-08-03 17:12:19',NULL,2,1,'2018-08-03 17:12:19'),(392,'ealah',NULL,'2018-08-03 17:02:39','2018-08-03 17:12:19',NULL,2,1,'2018-08-03 17:12:19'),(393,'ealah',NULL,'2018-08-03 17:02:40','2018-08-03 17:12:19',NULL,2,1,'2018-08-03 17:12:19'),(394,'ealah',NULL,'2018-08-03 17:02:41','2018-08-03 17:12:19',NULL,2,1,'2018-08-03 17:12:19'),(395,'ealah',NULL,'2018-08-03 17:02:41','2018-08-03 17:12:19',NULL,2,1,'2018-08-03 17:12:19'),(396,'ealah',NULL,'2018-08-03 17:02:41','2018-08-03 17:12:19',NULL,2,1,'2018-08-03 17:12:19'),(397,'ealah',NULL,'2018-08-03 17:02:41','2018-08-03 17:12:19',NULL,2,1,'2018-08-03 17:12:19'),(398,'ealah',NULL,'2018-08-03 17:02:41','2018-08-03 17:12:19',NULL,2,1,'2018-08-03 17:12:19'),(399,'ealah',NULL,'2018-08-03 17:02:41','2018-08-03 17:12:19',NULL,2,1,'2018-08-03 17:12:19'),(400,'ealah',NULL,'2018-08-03 17:02:42','2018-08-03 17:12:19',NULL,2,1,'2018-08-03 17:12:19'),(401,'ealah',NULL,'2018-08-03 17:02:44','2018-08-03 17:12:19',NULL,2,1,'2018-08-03 17:12:19'),(402,'ealah',NULL,'2018-08-03 17:02:44','2018-08-03 17:12:19',NULL,2,1,'2018-08-03 17:12:19'),(403,'ealah',NULL,'2018-08-03 17:02:44','2018-08-03 17:12:19',NULL,2,1,'2018-08-03 17:12:19'),(404,'ealah',NULL,'2018-08-03 17:02:44','2018-08-03 17:12:19',NULL,2,1,'2018-08-03 17:12:19'),(405,'ealah',NULL,'2018-08-03 17:02:44','2018-08-03 17:12:19',NULL,2,1,'2018-08-03 17:12:19'),(406,'ealah',NULL,'2018-08-03 17:02:44','2018-08-03 17:12:19',NULL,2,1,'2018-08-03 17:12:19'),(407,'ealah',NULL,'2018-08-03 17:02:44','2018-08-03 17:12:19',NULL,2,1,'2018-08-03 17:12:19'),(408,'ealah',NULL,'2018-08-03 17:02:44','2018-08-03 17:12:19',NULL,2,1,'2018-08-03 17:12:19'),(409,'ealah',NULL,'2018-08-03 17:02:44','2018-08-03 17:12:19',NULL,2,1,'2018-08-03 17:12:19'),(410,'ealah',NULL,'2018-08-03 17:02:48','2018-08-03 17:12:19',NULL,2,1,'2018-08-03 17:12:19'),(411,'ealah',NULL,'2018-08-03 17:02:48','2018-08-03 17:12:19',NULL,2,1,'2018-08-03 17:12:19'),(412,'ealah',NULL,'2018-08-03 17:02:48','2018-08-03 17:12:19',NULL,2,1,'2018-08-03 17:12:19'),(413,'ealah',NULL,'2018-08-03 17:02:48','2018-08-03 17:12:19',NULL,2,1,'2018-08-03 17:12:19'),(414,'ealah',NULL,'2018-08-03 17:02:48','2018-08-03 17:12:19',NULL,2,1,'2018-08-03 17:12:19'),(415,'ealah',NULL,'2018-08-03 17:02:48','2018-08-03 17:12:19',NULL,2,1,'2018-08-03 17:12:19'),(416,'ealah',NULL,'2018-08-03 17:02:48','2018-08-03 17:12:19',NULL,2,1,'2018-08-03 17:12:19'),(417,'ealah',NULL,'2018-08-03 17:02:48','2018-08-03 17:12:19',NULL,2,1,'2018-08-03 17:12:19'),(418,'ealah',NULL,'2018-08-03 17:02:48','2018-08-03 17:12:19',NULL,2,1,'2018-08-03 17:12:19'),(419,'ealah',NULL,'2018-08-03 17:02:52','2018-08-03 17:12:19',NULL,2,1,'2018-08-03 17:12:19'),(420,'ealah',NULL,'2018-08-03 17:02:52','2018-08-03 17:12:19',NULL,2,1,'2018-08-03 17:12:19'),(421,'ealah',NULL,'2018-08-03 17:02:52','2018-08-03 17:12:19',NULL,2,1,'2018-08-03 17:12:19'),(422,'ealah',NULL,'2018-08-03 17:02:52','2018-08-03 17:12:19',NULL,2,1,'2018-08-03 17:12:19'),(423,'ealah',NULL,'2018-08-03 17:02:52','2018-08-03 17:12:19',NULL,2,1,'2018-08-03 17:12:19'),(424,'ealah',NULL,'2018-08-03 17:02:52','2018-08-03 17:12:19',NULL,2,1,'2018-08-03 17:12:19'),(425,'ealah',NULL,'2018-08-03 17:02:52','2018-08-03 17:12:19',NULL,2,1,'2018-08-03 17:12:19'),(426,'ealah',NULL,'2018-08-03 17:02:52','2018-08-03 17:12:19',NULL,2,1,'2018-08-03 17:12:19'),(427,'ealah',NULL,'2018-08-03 17:02:55','2018-08-03 17:12:19',NULL,2,1,'2018-08-03 17:12:19'),(428,'ealah',NULL,'2018-08-03 17:02:55','2018-08-03 17:12:19',NULL,2,1,'2018-08-03 17:12:19'),(429,'ealah',NULL,'2018-08-03 17:02:56','2018-08-03 17:12:19',NULL,2,1,'2018-08-03 17:12:19'),(430,'ealah',NULL,'2018-08-03 17:02:56','2018-08-03 17:12:19',NULL,2,1,'2018-08-03 17:12:19'),(431,'ealah',NULL,'2018-08-03 17:02:56','2018-08-03 17:12:19',NULL,2,1,'2018-08-03 17:12:19'),(432,'ealah',NULL,'2018-08-03 17:02:56','2018-08-03 17:12:19',NULL,2,1,'2018-08-03 17:12:19'),(433,'ealah',NULL,'2018-08-03 17:02:56','2018-08-03 17:12:19',NULL,2,1,'2018-08-03 17:12:19'),(434,'ealah',NULL,'2018-08-03 17:02:58','2018-08-03 17:12:19',NULL,2,1,'2018-08-03 17:12:19'),(435,'ealah',NULL,'2018-08-03 17:02:58','2018-08-03 17:12:19',NULL,2,1,'2018-08-03 17:12:19'),(436,'ealah',NULL,'2018-08-03 17:02:58','2018-08-03 17:12:19',NULL,2,1,'2018-08-03 17:12:19'),(437,'ealah',NULL,'2018-08-03 17:02:58','2018-08-03 17:12:19',NULL,2,1,'2018-08-03 17:12:19'),(438,'ealah',NULL,'2018-08-03 17:02:58','2018-08-03 17:12:19',NULL,2,1,'2018-08-03 17:12:19'),(439,'ealah',NULL,'2018-08-03 17:02:58','2018-08-03 17:12:19',NULL,2,1,'2018-08-03 17:12:19'),(440,'ealah',NULL,'2018-08-03 17:02:59','2018-08-03 17:12:19',NULL,2,1,'2018-08-03 17:12:19'),(441,'ealah',NULL,'2018-08-03 17:02:59','2018-08-03 17:12:19',NULL,2,1,'2018-08-03 17:12:19'),(442,'ealah',NULL,'2018-08-03 17:03:00','2018-08-03 17:12:19',NULL,2,1,'2018-08-03 17:12:19'),(443,'ealah',NULL,'2018-08-03 17:03:01','2018-08-03 17:12:19',NULL,2,1,'2018-08-03 17:12:19'),(444,'ealah',NULL,'2018-08-03 17:03:02','2018-08-03 17:12:19',NULL,2,1,'2018-08-03 17:12:19'),(445,'ealah',NULL,'2018-08-03 17:03:02','2018-08-03 17:12:19',NULL,2,1,'2018-08-03 17:12:19'),(446,'ealah',NULL,'2018-08-03 17:03:02','2018-08-03 17:12:19',NULL,2,1,'2018-08-03 17:12:19'),(447,'ealah',NULL,'2018-08-03 17:03:02','2018-08-03 17:12:19',NULL,2,1,'2018-08-03 17:12:19'),(448,'ealah',NULL,'2018-08-03 17:03:02','2018-08-03 17:12:19',NULL,2,1,'2018-08-03 17:12:19'),(449,'ealah',NULL,'2018-08-03 17:03:02','2018-08-03 17:12:19',NULL,2,1,'2018-08-03 17:12:19'),(450,'ealah',NULL,'2018-08-03 17:03:05','2018-08-03 17:12:19',NULL,2,1,'2018-08-03 17:12:19'),(451,'ealah',NULL,'2018-08-03 17:03:05','2018-08-03 17:12:19',NULL,2,1,'2018-08-03 17:12:19'),(452,'ealah',NULL,'2018-08-03 17:03:05','2018-08-03 17:12:19',NULL,2,1,'2018-08-03 17:12:19'),(453,'ealah',NULL,'2018-08-03 17:03:05','2018-08-03 17:12:19',NULL,2,1,'2018-08-03 17:12:19'),(454,'ealah',NULL,'2018-08-03 17:03:05','2018-08-03 17:12:19',NULL,2,1,'2018-08-03 17:12:19'),(455,'ealah',NULL,'2018-08-03 17:03:05','2018-08-03 17:12:19',NULL,2,1,'2018-08-03 17:12:19'),(456,'ealah',NULL,'2018-08-03 17:03:05','2018-08-03 17:12:19',NULL,2,1,'2018-08-03 17:12:19'),(457,'ealah',NULL,'2018-08-03 17:03:05','2018-08-03 17:12:19',NULL,2,1,'2018-08-03 17:12:19'),(458,'ealah',NULL,'2018-08-03 17:03:06','2018-08-03 17:12:19',NULL,2,1,'2018-08-03 17:12:19'),(459,'ealah',NULL,'2018-08-03 17:03:09','2018-08-03 17:12:19',NULL,2,1,'2018-08-03 17:12:19'),(460,'ealah',NULL,'2018-08-03 17:03:09','2018-08-03 17:12:19',NULL,2,1,'2018-08-03 17:12:19'),(461,'ealah',NULL,'2018-08-03 17:03:09','2018-08-03 17:12:19',NULL,2,1,'2018-08-03 17:12:19'),(462,'ealah',NULL,'2018-08-03 17:03:09','2018-08-03 17:12:19',NULL,2,1,'2018-08-03 17:12:19'),(463,'ealah',NULL,'2018-08-03 17:03:09','2018-08-03 17:12:19',NULL,2,1,'2018-08-03 17:12:19'),(464,'asd',NULL,'2018-08-03 17:04:30','2018-08-03 17:12:19',NULL,2,1,'2018-08-03 17:12:19'),(465,'asd',NULL,'2018-08-03 17:04:39','2018-08-03 17:12:19',NULL,2,1,'2018-08-03 17:12:19'),(466,'csad',NULL,'2018-08-03 17:04:49','2018-08-03 17:12:19',NULL,2,1,'2018-08-03 17:12:19'),(467,'asd',NULL,'2018-08-03 17:07:20','2018-08-03 17:12:19',NULL,2,1,'2018-08-03 17:12:19'),(468,'sd',NULL,'2018-08-03 17:07:59','2018-08-03 17:12:19',NULL,2,1,'2018-08-03 17:12:19');
/*!40000 ALTER TABLE `chat_message` ENABLE KEYS */;
UNLOCK TABLES;

--
-- Table structure for table `chat_room`
--

DROP TABLE IF EXISTS `chat_room`;
/*!40101 SET @saved_cs_client     = @@character_set_client */;
/*!40101 SET character_set_client = utf8 */;
CREATE TABLE `chat_room` (
  `id` int(11) NOT NULL AUTO_INCREMENT,
  `users_id` int(11) NOT NULL,
  `created_at` datetime DEFAULT NULL,
  `updated_at` datetime DEFAULT NULL,
  `deleted_at` datetime DEFAULT NULL,
  PRIMARY KEY (`id`),
  KEY `fk_chat_room_users1_idx` (`users_id`),
  CONSTRAINT `fk_chat_room_users1` FOREIGN KEY (`users_id`) REFERENCES `users` (`id`) ON DELETE NO ACTION ON UPDATE NO ACTION
) ENGINE=InnoDB AUTO_INCREMENT=4 DEFAULT CHARSET=utf8;
/*!40101 SET character_set_client = @saved_cs_client */;

--
-- Dumping data for table `chat_room`
--

LOCK TABLES `chat_room` WRITE;
/*!40000 ALTER TABLE `chat_room` DISABLE KEYS */;
INSERT INTO `chat_room` VALUES (1,2,'2018-01-01 00:00:00',NULL,NULL),(2,1,'2018-01-02 00:00:00',NULL,NULL),(3,3,'2018-01-02 00:00:00',NULL,NULL);
/*!40000 ALTER TABLE `chat_room` ENABLE KEYS */;
UNLOCK TABLES;

--
-- Table structure for table `city`
--

DROP TABLE IF EXISTS `city`;
/*!40101 SET @saved_cs_client     = @@character_set_client */;
/*!40101 SET character_set_client = utf8 */;
CREATE TABLE `city` (
  `id` int(11) NOT NULL AUTO_INCREMENT,
  `name` varchar(80) DEFAULT NULL,
  `province_id` int(11) DEFAULT NULL,
  `type` varchar(30) DEFAULT NULL,
  `postal_code` varchar(40) DEFAULT NULL,
  PRIMARY KEY (`id`),
  KEY `fk_city_province1_idx` (`province_id`),
  CONSTRAINT `fk_city_province1` FOREIGN KEY (`province_id`) REFERENCES `province` (`id`) ON DELETE NO ACTION ON UPDATE NO ACTION
) ENGINE=InnoDB DEFAULT CHARSET=utf8;
/*!40101 SET character_set_client = @saved_cs_client */;

--
-- Dumping data for table `city`
--

LOCK TABLES `city` WRITE;
/*!40000 ALTER TABLE `city` DISABLE KEYS */;
/*!40000 ALTER TABLE `city` ENABLE KEYS */;
UNLOCK TABLES;

--
-- Table structure for table `province`
--

DROP TABLE IF EXISTS `province`;
/*!40101 SET @saved_cs_client     = @@character_set_client */;
/*!40101 SET character_set_client = utf8 */;
CREATE TABLE `province` (
  `id` int(11) NOT NULL AUTO_INCREMENT,
  `name` varchar(80) DEFAULT NULL,
  PRIMARY KEY (`id`)
) ENGINE=InnoDB DEFAULT CHARSET=utf8;
/*!40101 SET character_set_client = @saved_cs_client */;

--
-- Dumping data for table `province`
--

LOCK TABLES `province` WRITE;
/*!40000 ALTER TABLE `province` DISABLE KEYS */;
/*!40000 ALTER TABLE `province` ENABLE KEYS */;
UNLOCK TABLES;

--
-- Table structure for table `subdistrict`
--

DROP TABLE IF EXISTS `subdistrict`;
/*!40101 SET @saved_cs_client     = @@character_set_client */;
/*!40101 SET character_set_client = utf8 */;
CREATE TABLE `subdistrict` (
  `id` int(11) NOT NULL AUTO_INCREMENT,
  `name` varchar(80) DEFAULT NULL,
  `city_id` int(11) DEFAULT NULL,
  PRIMARY KEY (`id`),
  KEY `fk_districts_city1_idx` (`city_id`),
  CONSTRAINT `fk_districts_city1` FOREIGN KEY (`city_id`) REFERENCES `city` (`id`) ON DELETE NO ACTION ON UPDATE NO ACTION
) ENGINE=InnoDB DEFAULT CHARSET=utf8;
/*!40101 SET character_set_client = @saved_cs_client */;

--
-- Dumping data for table `subdistrict`
--

LOCK TABLES `subdistrict` WRITE;
/*!40000 ALTER TABLE `subdistrict` DISABLE KEYS */;
/*!40000 ALTER TABLE `subdistrict` ENABLE KEYS */;
UNLOCK TABLES;

--
-- Table structure for table `users`
--

DROP TABLE IF EXISTS `users`;
/*!40101 SET @saved_cs_client     = @@character_set_client */;
/*!40101 SET character_set_client = utf8 */;
CREATE TABLE `users` (
  `id` int(11) NOT NULL AUTO_INCREMENT,
  `code` varchar(20) DEFAULT NULL,
  `name` varchar(200) DEFAULT NULL,
  `email` varchar(200) DEFAULT NULL,
  `birthday` datetime DEFAULT NULL,
  `gender` varchar(20) DEFAULT NULL,
  `phone_number` varchar(45) DEFAULT NULL,
  `password` text,
  `role` int(11) DEFAULT '1',
  `remember_token` text,
  `api_token` text,
  `verified` datetime DEFAULT NULL,
  `photo_url` text,
  `created_at` datetime DEFAULT NULL,
  `updated_at` datetime DEFAULT NULL,
  `deleted_at` datetime DEFAULT NULL,
  PRIMARY KEY (`id`)
) ENGINE=InnoDB AUTO_INCREMENT=4 DEFAULT CHARSET=utf8;
/*!40101 SET character_set_client = @saved_cs_client */;

--
-- Dumping data for table `users`
--

LOCK TABLES `users` WRITE;
/*!40000 ALTER TABLE `users` DISABLE KEYS */;
INSERT INTO `users` VALUES (1,'C0000001','Admina','dian.yulius@gmail.com','2018-08-16 00:00:00','pria','123456','$2y$10$VVgkJaAnGb.muUIxV/x1t.wazbZ2XURkgKfiu6d2UCa8NqjyBJFyi',0,NULL,'ShzSZ8aTrplSfkBP7tsAFuCWBhpyjmOTwI4uM3yNWCgbJgRQiBV1b3HWgtq0',NULL,NULL,'2018-08-01 17:12:43','2018-08-01 17:12:43',NULL),(2,'C0000002','User 2','dian.yulius11@gmail.com','2018-08-16 00:00:00','pria','123456','$2y$10$VVgkJaAnGb.muUIxV/x1t.wazbZ2XURkgKfiu6d2UCa8NqjyBJFyi',1,NULL,'ShzSZ8aTrplSfkBP7tsAFuCWBhpyjmOTwI4uM3yNWCgbJgRQiBV1b3HWgtq0',NULL,NULL,'2018-08-01 17:12:43','2018-08-01 17:12:43',NULL),(3,'C0000003','User 3','dian.yulius12@gmail.com','2018-08-16 00:00:00','pria','123456','$2y$10$VVgkJaAnGb.muUIxV/x1t.wazbZ2XURkgKfiu6d2UCa8NqjyBJFyi',0,NULL,'ShzSZ8aTrplSfkBP7tsAFuCWBhpyjmOTwI4uM3yNWCgbJgRQiBV1b3HWgtq0',NULL,NULL,'2018-08-01 17:12:43','2018-08-01 17:12:43',NULL);
/*!40000 ALTER TABLE `users` ENABLE KEYS */;
UNLOCK TABLES;

--
-- Table structure for table `users_address`
--

DROP TABLE IF EXISTS `users_address`;
/*!40101 SET @saved_cs_client     = @@character_set_client */;
/*!40101 SET character_set_client = utf8 */;
CREATE TABLE `users_address` (
  `id` int(11) NOT NULL AUTO_INCREMENT,
  `person` varchar(200) DEFAULT NULL,
  `telephone` varchar(45) DEFAULT NULL,
  `address` text,
  `poscode` varchar(10) DEFAULT NULL,
  `primary` tinyint(4) DEFAULT NULL,
  `users_id` int(11) NOT NULL,
  `created_at` datetime DEFAULT NULL,
  `updated_at` datetime DEFAULT NULL,
  `deleted_at` datetime DEFAULT NULL,
  `subdistrict_id` int(11) DEFAULT NULL,
  PRIMARY KEY (`id`),
  KEY `fk_users_address_users_idx` (`users_id`),
  KEY `fk_users_address_subdistrict1_idx` (`subdistrict_id`),
  CONSTRAINT `fk_users_address_subdistrict1` FOREIGN KEY (`subdistrict_id`) REFERENCES `subdistrict` (`id`) ON DELETE NO ACTION ON UPDATE NO ACTION,
  CONSTRAINT `fk_users_address_users` FOREIGN KEY (`users_id`) REFERENCES `users` (`id`) ON DELETE NO ACTION ON UPDATE NO ACTION
) ENGINE=InnoDB AUTO_INCREMENT=2 DEFAULT CHARSET=utf8;
/*!40101 SET character_set_client = @saved_cs_client */;

--
-- Dumping data for table `users_address`
--

LOCK TABLES `users_address` WRITE;
/*!40000 ALTER TABLE `users_address` DISABLE KEYS */;
INSERT INTO `users_address` VALUES (1,NULL,NULL,'asdadsa',NULL,1,1,'2018-08-01 17:12:44','2018-08-01 17:12:44',NULL,NULL);
/*!40000 ALTER TABLE `users_address` ENABLE KEYS */;
UNLOCK TABLES;
/*!40103 SET TIME_ZONE=@OLD_TIME_ZONE */;

/*!40101 SET SQL_MODE=@OLD_SQL_MODE */;
/*!40014 SET FOREIGN_KEY_CHECKS=@OLD_FOREIGN_KEY_CHECKS */;
/*!40014 SET UNIQUE_CHECKS=@OLD_UNIQUE_CHECKS */;
/*!40101 SET CHARACTER_SET_CLIENT=@OLD_CHARACTER_SET_CLIENT */;
/*!40101 SET CHARACTER_SET_RESULTS=@OLD_CHARACTER_SET_RESULTS */;
/*!40101 SET COLLATION_CONNECTION=@OLD_COLLATION_CONNECTION */;
/*!40111 SET SQL_NOTES=@OLD_SQL_NOTES */;

-- Dump completed on 2018-08-03 17:15:04
